--------------------------------------------------------
--  파일이 생성됨 - 금요일-12월-20-2019   
--------------------------------------------------------
-- 내부 생성기를 시도하는 DBMS_METADATA로 CHARMJO.SEQ_CRCD 객체에 대한 SEQUENCE DDL을 렌더링할 수 없습니다.
CREATE SEQUENCE SEQ_CRCD INCREMENT BY 1 MAXVALUE 9999999999999999999999999999 MINVALUE 1 CACHE 20
-- 내부 생성기를 시도하는 DBMS_METADATA로 CHARMJO.SEQ_CTCD 객체에 대한 SEQUENCE DDL을 렌더링할 수 없습니다.
CREATE SEQUENCE SEQ_CTCD INCREMENT BY 1 MAXVALUE 9999999999999999999999999999 MINVALUE 1 CACHE 20
-- 내부 생성기를 시도하는 DBMS_METADATA로 CHARMJO.SEQ_FRGRCD 객체에 대한 SEQUENCE DDL을 렌더링할 수 없습니다.
CREATE SEQUENCE SEQ_FRGRCD INCREMENT BY 1 MAXVALUE 9999999999999999999999999999 MINVALUE 1 CACHE 20
-- 내부 생성기를 시도하는 DBMS_METADATA로 CHARMJO.SEQ_GRCD 객체에 대한 SEQUENCE DDL을 렌더링할 수 없습니다.
CREATE SEQUENCE SEQ_GRCD INCREMENT BY 1 MAXVALUE 9999999999999999999999999999 MINVALUE 1 CACHE 20
-- 내부 생성기를 시도하는 DBMS_METADATA로 CHARMJO.SEQ_PICCD 객체에 대한 SEQUENCE DDL을 렌더링할 수 없습니다.
CREATE SEQUENCE SEQ_PICCD INCREMENT BY 1 MAXVALUE 9999999999999999999999999999 MINVALUE 1 CACHE 20
-- 내부 생성기를 시도하는 DBMS_METADATA로 CHARMJO.SEQ_SCCD 객체에 대한 SEQUENCE DDL을 렌더링할 수 없습니다.
CREATE SEQUENCE SEQ_SCCD INCREMENT BY 1 MAXVALUE 9999999999999999999999999999 MINVALUE 1 CACHE 20
-- 내부 생성기를 시도하는 DBMS_METADATA로 CHARMJO.SEQ_TDCD 객체에 대한 SEQUENCE DDL을 렌더링할 수 없습니다.
CREATE SEQUENCE SEQ_TDCD INCREMENT BY 1 MAXVALUE 9999999999999999999999999999 MINVALUE 1 CACHE 20
-- 내부 생성기를 시도하는 DBMS_METADATA로 CHARMJO.SEQ_URCD 객체에 대한 SEQUENCE DDL을 렌더링할 수 없습니다.
CREATE SEQUENCE SEQ_URCD INCREMENT BY 1 MAXVALUE 9999999999999999999999999999 MINVALUE 1 CACHE 20
-- 내부 생성기를 시도하는 DBMS_METADATA로 CHARMJO.COLOR_TB 객체에 대한 TABLE DDL을 렌더링할 수 없습니다.
CREATE TABLE COLOR_TB 
(
  CR_CD VARCHAR2(20 BYTE) NOT NULL 
, CR_NM VARCHAR2(10 BYTE) NOT NULL 
, CR_R NUMBER NOT NULL 
, CR_G NUMBER NOT NULL 
, CR_B NUMBER NOT NULL 
) 
LOGGING 
TABLESPACE SYSTEM 
PCTFREE 10 
PCTUSED 40 
INITRANS 1 
STORAGE 
( 
  INITIAL 65536 
  NEXT 1048576 
  MINEXTENTS 1 
  MAXEXTENTS UNLIMITED 
  FREELISTS 1 
  FREELIST GROUPS 1 
  BUFFER_POOL DEFAULT 
) 
NOPARALLELCOMMENT ON COLUMN COLOR_TB.CR_CD IS '컬러 코드';
COMMENT ON COLUMN COLOR_TB.CR_NM IS '컬러명';
COMMENT ON COLUMN COLOR_TB.CR_R IS '컬러 RGB-R';
COMMENT ON COLUMN COLOR_TB.CR_G IS '컬러 RGB-G';
COMMENT ON COLUMN COLOR_TB.CR_B IS '컬러 RGB-B';CREATE UNIQUE INDEX COLOR_TB_PK ON COLOR_TB (CR_CD ASC) 
LOGGING 
TABLESPACE SYSTEM 
PCTFREE 10 
INITRANS 2 
STORAGE 
( 
  INITIAL 65536 
  NEXT 1048576 
  MINEXTENTS 1 
  MAXEXTENTS UNLIMITED 
  FREELISTS 1 
  FREELIST GROUPS 1 
  BUFFER_POOL DEFAULT 
) 
NOPARALLELALTER TABLE COLOR_TB
ADD CONSTRAINT COLOR_TB_PK PRIMARY KEY 
(
  CR_CD 
)
USING INDEX CHARMJO.COLOR_TB_PK
ENABLE
-- 내부 생성기를 시도하는 DBMS_METADATA로 CHARMJO.DIARY_TB 객체에 대한 TABLE DDL을 렌더링할 수 없습니다.
CREATE TABLE DIARY_TB 
(
  DR_UR_FK VARCHAR2(20 BYTE) NOT NULL 
, DR_DT DATE NOT NULL 
, DR_PB_EX VARCHAR2(1000 BYTE) 
, DR_PV_EX VARCHAR2(1000 BYTE) 
) 
LOGGING 
TABLESPACE SYSTEM 
PCTFREE 10 
PCTUSED 40 
INITRANS 1 
STORAGE 
( 
  INITIAL 65536 
  NEXT 1048576 
  MINEXTENTS 1 
  MAXEXTENTS UNLIMITED 
  FREELISTS 1 
  FREELIST GROUPS 1 
  BUFFER_POOL DEFAULT 
) 
NOPARALLELALTER TABLE DIARY_TB
ADD CONSTRAINT DIARY_UR_FK FOREIGN KEY
(
  DR_UR_FK 
)
REFERENCES USER_TB
(
  UR_CD 
)
ON DELETE CASCADE ENABLECOMMENT ON COLUMN DIARY_TB.DR_UR_FK IS '유저코드';
COMMENT ON COLUMN DIARY_TB.DR_DT IS '일기일자';
COMMENT ON COLUMN DIARY_TB.DR_PB_EX IS '공개 일기 내용';
COMMENT ON COLUMN DIARY_TB.DR_PV_EX IS '비공개 일기 내용';CREATE UNIQUE INDEX DIARY_TB_PK ON DIARY_TB (DR_UR_FK ASC, DR_DT ASC) 
LOGGING 
TABLESPACE SYSTEM 
PCTFREE 10 
INITRANS 2 
STORAGE 
( 
  INITIAL 65536 
  NEXT 1048576 
  MINEXTENTS 1 
  MAXEXTENTS UNLIMITED 
  FREELISTS 1 
  FREELIST GROUPS 1 
  BUFFER_POOL DEFAULT 
) 
NOPARALLELALTER TABLE DIARY_TB
ADD CONSTRAINT DIARY_TB_PK PRIMARY KEY 
(
  DR_UR_FK 
, DR_DT 
)
USING INDEX CHARMJO.DIARY_TB_PK
ENABLE
-- 내부 생성기를 시도하는 DBMS_METADATA로 CHARMJO.FRIEND_GROUP_TB 객체에 대한 TABLE DDL을 렌더링할 수 없습니다.
CREATE TABLE FRIEND_GROUP_TB 
(
  FRGR_CD VARCHAR2(20 BYTE) NOT NULL 
, FRGR_NM VARCHAR2(50 BYTE) NOT NULL 
, FRGR_UR_FK VARCHAR2(20 BYTE) NOT NULL 
) 
LOGGING 
TABLESPACE SYSTEM 
PCTFREE 10 
PCTUSED 40 
INITRANS 1 
STORAGE 
( 
  INITIAL 65536 
  NEXT 1048576 
  MINEXTENTS 1 
  MAXEXTENTS UNLIMITED 
  FREELISTS 1 
  FREELIST GROUPS 1 
  BUFFER_POOL DEFAULT 
) 
NOPARALLELALTER TABLE FRIEND_GROUP_TB
ADD CONSTRAINT FRIEND_GROUP_TB_UR_FK FOREIGN KEY
(
  FRGR_UR_FK 
)
REFERENCES USER_TB
(
  UR_CD 
)
ON DELETE CASCADE ENABLECOMMENT ON COLUMN FRIEND_GROUP_TB.FRGR_CD IS '친구 그룹 코드';
COMMENT ON COLUMN FRIEND_GROUP_TB.FRGR_NM IS '친구 그룹명';
COMMENT ON COLUMN FRIEND_GROUP_TB.FRGR_UR_FK IS '사용자 코드';CREATE UNIQUE INDEX FRIEND_GROUP_TB_PK ON FRIEND_GROUP_TB (FRGR_CD ASC) 
LOGGING 
TABLESPACE SYSTEM 
PCTFREE 10 
INITRANS 2 
STORAGE 
( 
  INITIAL 65536 
  NEXT 1048576 
  MINEXTENTS 1 
  MAXEXTENTS UNLIMITED 
  FREELISTS 1 
  FREELIST GROUPS 1 
  BUFFER_POOL DEFAULT 
) 
NOPARALLELALTER TABLE FRIEND_GROUP_TB
ADD CONSTRAINT FRIEND_GROUP_TB_PK PRIMARY KEY 
(
  FRGR_CD 
)
USING INDEX CHARMJO.FRIEND_GROUP_TB_PK
ENABLE
-- 내부 생성기를 시도하는 DBMS_METADATA로 CHARMJO.FRIEND_TB 객체에 대한 TABLE DDL을 렌더링할 수 없습니다.
CREATE TABLE FRIEND_TB 
(
  FR_UR_FK VARCHAR2(20 BYTE) NOT NULL 
, FR_FR_FK VARCHAR2(20 BYTE) NOT NULL 
, FR_FRGR_FK VARCHAR2(20 BYTE) 
, FR_ACEP_ST NUMBER DEFAULT 0 NOT NULL 
) 
LOGGING 
TABLESPACE SYSTEM 
PCTFREE 10 
PCTUSED 40 
INITRANS 1 
STORAGE 
( 
  INITIAL 65536 
  NEXT 1048576 
  MINEXTENTS 1 
  MAXEXTENTS UNLIMITED 
  FREELISTS 1 
  FREELIST GROUPS 1 
  BUFFER_POOL DEFAULT 
) 
NOPARALLELALTER TABLE FRIEND_TB
ADD CONSTRAINT FRIEND_TB_FR_FK FOREIGN KEY
(
  FR_FR_FK 
)
REFERENCES USER_TB
(
  UR_CD 
)
ON DELETE CASCADE ENABLE
ALTER TABLE FRIEND_TB
ADD CONSTRAINT FRIEND_TB_UR_FK FOREIGN KEY
(
  FR_UR_FK 
)
REFERENCES USER_TB
(
  UR_CD 
)
ON DELETE CASCADE ENABLE
ALTER TABLE FRIEND_TB
ADD CONSTRAINT FRIEND_TB__FRGR_FK FOREIGN KEY
(
  FR_FRGR_FK 
)
REFERENCES FRIEND_GROUP_TB
(
  FRGR_CD 
)
ON DELETE SET NULL ENABLECOMMENT ON COLUMN FRIEND_TB.FR_UR_FK IS '사용자 코드';
COMMENT ON COLUMN FRIEND_TB.FR_FR_FK IS '사용자 친구 코드';
COMMENT ON COLUMN FRIEND_TB.FR_FRGR_FK IS '친구그룹 코드';
COMMENT ON COLUMN FRIEND_TB.FR_ACEP_ST IS '사용자 친구 수락 상태';CREATE UNIQUE INDEX FRIEND_TB_PK ON FRIEND_TB (FR_UR_FK ASC, FR_FR_FK ASC) 
LOGGING 
TABLESPACE SYSTEM 
PCTFREE 10 
INITRANS 2 
STORAGE 
( 
  INITIAL 65536 
  NEXT 1048576 
  MINEXTENTS 1 
  MAXEXTENTS UNLIMITED 
  FREELISTS 1 
  FREELIST GROUPS 1 
  BUFFER_POOL DEFAULT 
) 
NOPARALLELALTER TABLE FRIEND_TB
ADD CONSTRAINT FRIEND_TB_PK PRIMARY KEY 
(
  FR_UR_FK 
, FR_FR_FK 
)
USING INDEX CHARMJO.FRIEND_TB_PK
ENABLEALTER TABLE FRIEND_TB
ADD CONSTRAINT FR_ACEP_ST_CHK CHECK 
(FR_ACEP_ST IN(0,1))
ENABLE
-- 내부 생성기를 시도하는 DBMS_METADATA로 CHARMJO.GROUP_MEMBER_TB 객체에 대한 TABLE DDL을 렌더링할 수 없습니다.
CREATE TABLE GROUP_MEMBER_TB 
(
  GRMB_FK VARCHAR2(20 BYTE) NOT NULL 
, GRMB_MBR_UR_FK VARCHAR2(20 BYTE) NOT NULL 
, GRMB_ACEP_ST NUMBER DEFAULT 0 NOT NULL 
) 
LOGGING 
TABLESPACE SYSTEM 
PCTFREE 10 
PCTUSED 40 
INITRANS 1 
STORAGE 
( 
  INITIAL 65536 
  NEXT 1048576 
  MINEXTENTS 1 
  MAXEXTENTS UNLIMITED 
  FREELISTS 1 
  FREELIST GROUPS 1 
  BUFFER_POOL DEFAULT 
) 
NOPARALLELALTER TABLE GROUP_MEMBER_TB
ADD CONSTRAINT GROUP_MEMBER_TB_GR_FK FOREIGN KEY
(
  GRMB_FK 
)
REFERENCES GROUP_TB
(
  GR_CD 
)
ON DELETE CASCADE ENABLE
ALTER TABLE GROUP_MEMBER_TB
ADD CONSTRAINT GROUP_MEMBER_TB_MBR_FK FOREIGN KEY
(
  GRMB_MBR_UR_FK 
)
REFERENCES USER_TB
(
  UR_CD 
)
ON DELETE CASCADE ENABLECOMMENT ON COLUMN GROUP_MEMBER_TB.GRMB_FK IS '그룹 코드';
COMMENT ON COLUMN GROUP_MEMBER_TB.GRMB_MBR_UR_FK IS '그룹원 코드';
COMMENT ON COLUMN GROUP_MEMBER_TB.GRMB_ACEP_ST IS '그룹원 수락 상태';CREATE UNIQUE INDEX GROUP_MEMBER_TB_PK ON GROUP_MEMBER_TB (GRMB_FK ASC, GRMB_MBR_UR_FK ASC) 
LOGGING 
TABLESPACE SYSTEM 
PCTFREE 10 
INITRANS 2 
STORAGE 
( 
  INITIAL 65536 
  NEXT 1048576 
  MINEXTENTS 1 
  MAXEXTENTS UNLIMITED 
  FREELISTS 1 
  FREELIST GROUPS 1 
  BUFFER_POOL DEFAULT 
) 
NOPARALLELALTER TABLE GROUP_MEMBER_TB
ADD CONSTRAINT GROUP_MEMBER_TB_PK PRIMARY KEY 
(
  GRMB_FK 
, GRMB_MBR_UR_FK 
)
USING INDEX CHARMJO.GROUP_MEMBER_TB_PK
ENABLEALTER TABLE GROUP_MEMBER_TB
ADD CONSTRAINT GRMB_ACEP_ST_CHK CHECK 
(GRMB_ACEP_ST IN(0,1))
ENABLE
-- 내부 생성기를 시도하는 DBMS_METADATA로 CHARMJO.GROUP_TB 객체에 대한 TABLE DDL을 렌더링할 수 없습니다.
CREATE TABLE GROUP_TB 
(
  GR_CD VARCHAR2(20 BYTE) NOT NULL 
, GR_MST_UR_FK VARCHAR2(20 BYTE) NOT NULL 
, GR_NM VARCHAR2(50 BYTE) NOT NULL 
, GR_EX VARCHAR2(300 BYTE) 
) 
LOGGING 
TABLESPACE SYSTEM 
PCTFREE 10 
PCTUSED 40 
INITRANS 1 
STORAGE 
( 
  INITIAL 65536 
  NEXT 1048576 
  MINEXTENTS 1 
  MAXEXTENTS UNLIMITED 
  FREELISTS 1 
  FREELIST GROUPS 1 
  BUFFER_POOL DEFAULT 
) 
NOPARALLELALTER TABLE GROUP_TB
ADD CONSTRAINT GROUP_TB_MST_FK FOREIGN KEY
(
  GR_MST_UR_FK 
)
REFERENCES USER_TB
(
  UR_CD 
)
ON DELETE SET NULL ENABLECOMMENT ON COLUMN GROUP_TB.GR_CD IS '그룹 코드';
COMMENT ON COLUMN GROUP_TB.GR_MST_UR_FK IS '그룹장 코드';
COMMENT ON COLUMN GROUP_TB.GR_NM IS '그룹 이름';
COMMENT ON COLUMN GROUP_TB.GR_EX IS '그룹 설명';CREATE UNIQUE INDEX GROUP_TB_PK ON GROUP_TB (GR_CD ASC) 
LOGGING 
TABLESPACE SYSTEM 
PCTFREE 10 
INITRANS 2 
STORAGE 
( 
  INITIAL 65536 
  NEXT 1048576 
  MINEXTENTS 1 
  MAXEXTENTS UNLIMITED 
  FREELISTS 1 
  FREELIST GROUPS 1 
  BUFFER_POOL DEFAULT 
) 
NOPARALLELALTER TABLE GROUP_TB
ADD CONSTRAINT GROUP_TB_PK PRIMARY KEY 
(
  GR_CD 
)
USING INDEX CHARMJO.GROUP_TB_PK
ENABLE
-- 내부 생성기를 시도하는 DBMS_METADATA로 CHARMJO.PICTURE_TB 객체에 대한 TABLE DDL을 렌더링할 수 없습니다.
CREATE TABLE PICTURE_TB 
(
  PIC_CD VARCHAR2(20 BYTE) NOT NULL 
, PIC_PB_ST NUMBER(*, 0) DEFAULT 1 NOT NULL 
, PIC_DT DATE NOT NULL 
, PIC_UR_FK VARCHAR2(20 BYTE) NOT NULL 
, PIC_GR_FK VARCHAR2(20 BYTE) 
, PIC_DATA BLOB NOT NULL 
) 
LOGGING 
TABLESPACE SYSTEM 
PCTFREE 10 
PCTUSED 40 
INITRANS 1 
STORAGE 
( 
  INITIAL 65536 
  NEXT 1048576 
  MINEXTENTS 1 
  MAXEXTENTS UNLIMITED 
  FREELISTS 1 
  FREELIST GROUPS 1 
  BUFFER_POOL DEFAULT 
) 
NOPARALLEL 
LOB (PIC_DATA) STORE AS SYS_LOB0000023611C00006$$ 
( 
  ENABLE STORAGE IN ROW 
  CHUNK 8192 
  RETENTION 
  NOCACHE 
  LOGGING 
  TABLESPACE SYSTEM 
  STORAGE 
  ( 
    INITIAL 65536 
    NEXT 1048576 
    MINEXTENTS 1 
    MAXEXTENTS UNLIMITED 
    FREELISTS 1 
    FREELIST GROUPS 1 
    BUFFER_POOL DEFAULT 
  )  
)ALTER TABLE PICTURE_TB
ADD CONSTRAINT PICTURE_TB_GR_FK FOREIGN KEY
(
  PIC_GR_FK 
)
REFERENCES GROUP_TB
(
  GR_CD 
)
ON DELETE CASCADE ENABLE
ALTER TABLE PICTURE_TB
ADD CONSTRAINT PICTURE_TB_UR_FK FOREIGN KEY
(
  PIC_UR_FK 
)
REFERENCES USER_TB
(
  UR_CD 
)
ON DELETE CASCADE ENABLECOMMENT ON COLUMN PICTURE_TB.PIC_CD IS '사진 코드';
COMMENT ON COLUMN PICTURE_TB.PIC_PB_ST IS '공개 상태';
COMMENT ON COLUMN PICTURE_TB.PIC_DT IS '사진 일자(등록 X, 해당 일자)';
COMMENT ON COLUMN PICTURE_TB.PIC_UR_FK IS '유저 코드';
COMMENT ON COLUMN PICTURE_TB.PIC_GR_FK IS '그룹 코드';
COMMENT ON COLUMN PICTURE_TB.PIC_DATA IS '사진 데이터';CREATE UNIQUE INDEX PICTURE_TB_PK ON PICTURE_TB (PIC_CD ASC) 
LOGGING 
TABLESPACE SYSTEM 
PCTFREE 10 
INITRANS 2 
STORAGE 
( 
  INITIAL 65536 
  NEXT 1048576 
  MINEXTENTS 1 
  MAXEXTENTS UNLIMITED 
  FREELISTS 1 
  FREELIST GROUPS 1 
  BUFFER_POOL DEFAULT 
) 
NOPARALLELALTER TABLE PICTURE_TB
ADD CONSTRAINT PICTURE_TB_PK PRIMARY KEY 
(
  PIC_CD 
)
USING INDEX CHARMJO.PICTURE_TB_PK
ENABLEALTER TABLE PICTURE_TB
ADD CONSTRAINT PIC_PB_ST_CHK CHECK 
(PIC_PB_ST IN(0,1))
ENABLE
-- 내부 생성기를 시도하는 DBMS_METADATA로 CHARMJO.SCHEDULE_TB 객체에 대한 TABLE DDL을 렌더링할 수 없습니다.
CREATE TABLE SCHEDULE_TB 
(
  SC_CD VARCHAR2(20 BYTE) NOT NULL 
, SC_NM VARCHAR2(50 BYTE) NOT NULL 
, SC_EX VARCHAR2(300 BYTE) 
, SC_PB_ST NUMBER(*, 0) DEFAULT 1 NOT NULL 
, SC_STR_DT DATE NOT NULL 
, SC_END_DT DATE NOT NULL 
, SC_PIC_FK VARCHAR2(20 BYTE) 
, SC_CR_FK VARCHAR2(20 BYTE) 
, SC_UR_FK VARCHAR2(20 BYTE) NOT NULL 
, SC_GR_FK VARCHAR2(20 BYTE) 
) 
LOGGING 
TABLESPACE SYSTEM 
PCTFREE 10 
PCTUSED 40 
INITRANS 1 
STORAGE 
( 
  INITIAL 65536 
  NEXT 1048576 
  MINEXTENTS 1 
  MAXEXTENTS UNLIMITED 
  FREELISTS 1 
  FREELIST GROUPS 1 
  BUFFER_POOL DEFAULT 
) 
NOPARALLELALTER TABLE SCHEDULE_TB
ADD CONSTRAINT SCHEDULE_TB_CR_FK FOREIGN KEY
(
  SC_CR_FK 
)
REFERENCES COLOR_TB
(
  CR_CD 
)
ON DELETE SET NULL ENABLE
ALTER TABLE SCHEDULE_TB
ADD CONSTRAINT SCHEDULE_TB_GR_FK FOREIGN KEY
(
  SC_GR_FK 
)
REFERENCES GROUP_TB
(
  GR_CD 
)
ON DELETE CASCADE ENABLE
ALTER TABLE SCHEDULE_TB
ADD CONSTRAINT SCHEDULE_TB_PIC_FK FOREIGN KEY
(
  SC_PIC_FK 
)
REFERENCES PICTURE_TB
(
  PIC_CD 
)
ON DELETE SET NULL ENABLE
ALTER TABLE SCHEDULE_TB
ADD CONSTRAINT SCHEDULE_TB_UR_FK FOREIGN KEY
(
  SC_UR_FK 
)
REFERENCES USER_TB
(
  UR_CD 
)
ON DELETE CASCADE ENABLECOMMENT ON COLUMN SCHEDULE_TB.SC_CD IS '일정 코드';
COMMENT ON COLUMN SCHEDULE_TB.SC_NM IS '일정명';
COMMENT ON COLUMN SCHEDULE_TB.SC_EX IS '일정 내용';
COMMENT ON COLUMN SCHEDULE_TB.SC_PB_ST IS '공개 상태';
COMMENT ON COLUMN SCHEDULE_TB.SC_STR_DT IS '시작일시';
COMMENT ON COLUMN SCHEDULE_TB.SC_END_DT IS '종료일시';
COMMENT ON COLUMN SCHEDULE_TB.SC_PIC_FK IS '사진코드';
COMMENT ON COLUMN SCHEDULE_TB.SC_CR_FK IS '컬러 코드';
COMMENT ON COLUMN SCHEDULE_TB.SC_UR_FK IS '유저 코드';
COMMENT ON COLUMN SCHEDULE_TB.SC_GR_FK IS '그룹 코드';CREATE UNIQUE INDEX SCHEDULE_TB_PK ON SCHEDULE_TB (SC_CD ASC) 
LOGGING 
TABLESPACE SYSTEM 
PCTFREE 10 
INITRANS 2 
STORAGE 
( 
  INITIAL 65536 
  NEXT 1048576 
  MINEXTENTS 1 
  MAXEXTENTS UNLIMITED 
  FREELISTS 1 
  FREELIST GROUPS 1 
  BUFFER_POOL DEFAULT 
) 
NOPARALLELALTER TABLE SCHEDULE_TB
ADD CONSTRAINT SCHEDULE_TB_PK PRIMARY KEY 
(
  SC_CD 
)
USING INDEX CHARMJO.SCHEDULE_TB_PK
ENABLEALTER TABLE SCHEDULE_TB
ADD CONSTRAINT SC_PB_ST_CHK CHECK 
(SC_PB_ST IN(0,1))
ENABLE
-- 내부 생성기를 시도하는 DBMS_METADATA로 CHARMJO.TODO_TB 객체에 대한 TABLE DDL을 렌더링할 수 없습니다.
CREATE TABLE TODO_TB 
(
  TD_CD VARCHAR2(20 BYTE) NOT NULL 
, TD_EX VARCHAR2(100 BYTE) NOT NULL 
, TD_DT DATE 
, TD_COMP_ST NUMBER(*, 0) DEFAULT 0 NOT NULL 
, TD_PIC_FK VARCHAR2(20 BYTE) 
, TD_UR_FK VARCHAR2(20 BYTE) NOT NULL 
, TD_GR_FK VARCHAR2(20 BYTE) 
) 
LOGGING 
TABLESPACE SYSTEM 
PCTFREE 10 
PCTUSED 40 
INITRANS 1 
STORAGE 
( 
  INITIAL 65536 
  NEXT 1048576 
  MINEXTENTS 1 
  MAXEXTENTS UNLIMITED 
  FREELISTS 1 
  FREELIST GROUPS 1 
  BUFFER_POOL DEFAULT 
) 
NOPARALLELALTER TABLE TODO_TB
ADD CONSTRAINT TODO_TB_GR_FK FOREIGN KEY
(
  TD_GR_FK 
)
REFERENCES GROUP_TB
(
  GR_CD 
)
ON DELETE CASCADE ENABLE
ALTER TABLE TODO_TB
ADD CONSTRAINT TODO_TB_UR_FK FOREIGN KEY
(
  TD_UR_FK 
)
REFERENCES USER_TB
(
  UR_CD 
)
ON DELETE CASCADE ENABLECOMMENT ON COLUMN TODO_TB.TD_CD IS '할일 코드';
COMMENT ON COLUMN TODO_TB.TD_EX IS '할일 내용';
COMMENT ON COLUMN TODO_TB.TD_DT IS '할일 일시';
COMMENT ON COLUMN TODO_TB.TD_COMP_ST IS '완료 상태';
COMMENT ON COLUMN TODO_TB.TD_PIC_FK IS '컬러코드';
COMMENT ON COLUMN TODO_TB.TD_UR_FK IS '유저 코드';
COMMENT ON COLUMN TODO_TB.TD_GR_FK IS '그룹 코드';CREATE UNIQUE INDEX TODO_TB_PK ON TODO_TB (TD_CD ASC) 
LOGGING 
TABLESPACE SYSTEM 
PCTFREE 10 
INITRANS 2 
STORAGE 
( 
  INITIAL 65536 
  NEXT 1048576 
  MINEXTENTS 1 
  MAXEXTENTS UNLIMITED 
  FREELISTS 1 
  FREELIST GROUPS 1 
  BUFFER_POOL DEFAULT 
) 
NOPARALLELALTER TABLE TODO_TB
ADD CONSTRAINT TODO_TB_PK PRIMARY KEY 
(
  TD_CD 
)
USING INDEX CHARMJO.TODO_TB_PK
ENABLEALTER TABLE TODO_TB
ADD CONSTRAINT TD_COMP_ST_CHK CHECK 
(TD_COMP_ST IN(0,1))
ENABLE
-- 내부 생성기를 시도하는 DBMS_METADATA로 CHARMJO.USER_TB 객체에 대한 TABLE DDL을 렌더링할 수 없습니다.
CREATE TABLE USER_TB 
(
  UR_CD VARCHAR2(20 BYTE) NOT NULL 
, UR_ID VARCHAR2(20 BYTE) NOT NULL 
, UR_PW VARCHAR2(20 BYTE) NOT NULL 
, UR_NM VARCHAR2(20 BYTE) NOT NULL 
, UR_PIC BLOB 
) 
LOGGING 
TABLESPACE SYSTEM 
PCTFREE 10 
PCTUSED 40 
INITRANS 1 
STORAGE 
( 
  INITIAL 65536 
  NEXT 1048576 
  MINEXTENTS 1 
  MAXEXTENTS UNLIMITED 
  FREELISTS 1 
  FREELIST GROUPS 1 
  BUFFER_POOL DEFAULT 
) 
NOPARALLEL 
LOB (UR_PIC) STORE AS SYS_LOB0000023619C00005$$ 
( 
  ENABLE STORAGE IN ROW 
  CHUNK 8192 
  RETENTION 
  NOCACHE 
  LOGGING 
  TABLESPACE SYSTEM 
  STORAGE 
  ( 
    INITIAL 65536 
    NEXT 1048576 
    MINEXTENTS 1 
    MAXEXTENTS UNLIMITED 
    FREELISTS 1 
    FREELIST GROUPS 1 
    BUFFER_POOL DEFAULT 
  )  
)COMMENT ON COLUMN USER_TB.UR_CD IS '사용자 코드';
COMMENT ON COLUMN USER_TB.UR_ID IS '사용자 아이디';
COMMENT ON COLUMN USER_TB.UR_PW IS '사용자 비밀번호';
COMMENT ON COLUMN USER_TB.UR_NM IS '사용자 이름';
COMMENT ON COLUMN USER_TB.UR_PIC IS '사용자 사진';CREATE UNIQUE INDEX USER_TB_PK ON USER_TB (UR_CD ASC) 
LOGGING 
TABLESPACE SYSTEM 
PCTFREE 10 
INITRANS 2 
STORAGE 
( 
  INITIAL 65536 
  NEXT 1048576 
  MINEXTENTS 1 
  MAXEXTENTS UNLIMITED 
  FREELISTS 1 
  FREELIST GROUPS 1 
  BUFFER_POOL DEFAULT 
) 
NOPARALLELALTER TABLE USER_TB
ADD CONSTRAINT USER_TB_PK PRIMARY KEY 
(
  UR_CD 
)
USING INDEX CHARMJO.USER_TB_PK
ENABLE
REM INSERTING into COLOR_TB
SET DEFINE OFF;
Insert into COLOR_TB (CR_CD,CR_NM,CR_R,CR_G,CR_B) values ('C10000','RED',231,76,60);
Insert into COLOR_TB (CR_CD,CR_NM,CR_R,CR_G,CR_B) values ('C10001','ORANGE',230,126,34);
Insert into COLOR_TB (CR_CD,CR_NM,CR_R,CR_G,CR_B) values ('C10002','YELLOW',241,196,15);
Insert into COLOR_TB (CR_CD,CR_NM,CR_R,CR_G,CR_B) values ('C10003','GREEN',46,204,113);
Insert into COLOR_TB (CR_CD,CR_NM,CR_R,CR_G,CR_B) values ('C10004','BLUE',52,152,219);
Insert into COLOR_TB (CR_CD,CR_NM,CR_R,CR_G,CR_B) values ('C10005','INDIGO',39,60,117);
Insert into COLOR_TB (CR_CD,CR_NM,CR_R,CR_G,CR_B) values ('C10006','PURPLE',155,89,182);
REM INSERTING into DIARY_TB
SET DEFINE OFF;
Insert into DIARY_TB (DR_UR_FK,DR_DT,DR_PB_EX,DR_PV_EX) values ('U100001',to_date('19/12/18','RR/MM/DD'),'qweqewq',null);
Insert into DIARY_TB (DR_UR_FK,DR_DT,DR_PB_EX,DR_PV_EX) values ('U100001',to_date('19/12/06','RR/MM/DD'),'asdasd',null);
Insert into DIARY_TB (DR_UR_FK,DR_DT,DR_PB_EX,DR_PV_EX) values ('U100001',to_date('19/12/21','RR/MM/DD'),'asdasdadasdas','asdasdadasdasasdasd');
Insert into DIARY_TB (DR_UR_FK,DR_DT,DR_PB_EX,DR_PV_EX) values ('U100002',to_date('19/12/19','RR/MM/DD'),'dfsdfsdfsdf',null);
REM INSERTING into FRIEND_GROUP_TB
SET DEFINE OFF;
Insert into FRIEND_GROUP_TB (FRGR_CD,FRGR_NM,FRGR_UR_FK) values ('FG10000','Hate People','U100003');
Insert into FRIEND_GROUP_TB (FRGR_CD,FRGR_NM,FRGR_UR_FK) values ('FG10001','부산친구','U100003');
Insert into FRIEND_GROUP_TB (FRGR_CD,FRGR_NM,FRGR_UR_FK) values ('FG10002','서울친구','U100003');
Insert into FRIEND_GROUP_TB (FRGR_CD,FRGR_NM,FRGR_UR_FK) values ('FG10003','내가 싫어하는애','U100000');
Insert into FRIEND_GROUP_TB (FRGR_CD,FRGR_NM,FRGR_UR_FK) values ('FG10004','부천댕','U100000');
Insert into FRIEND_GROUP_TB (FRGR_CD,FRGR_NM,FRGR_UR_FK) values ('FG10005','부천대','U100002');
Insert into FRIEND_GROUP_TB (FRGR_CD,FRGR_NM,FRGR_UR_FK) values ('FG100067','그룹','U100002');
REM INSERTING into FRIEND_TB
SET DEFINE OFF;
Insert into FRIEND_TB (FR_UR_FK,FR_FR_FK,FR_FRGR_FK,FR_ACEP_ST) values ('U100002','U100003','FG100067',1);
Insert into FRIEND_TB (FR_UR_FK,FR_FR_FK,FR_FRGR_FK,FR_ACEP_ST) values ('U100001','U100002',null,1);
Insert into FRIEND_TB (FR_UR_FK,FR_FR_FK,FR_FRGR_FK,FR_ACEP_ST) values ('U100000','U100001',null,1);
Insert into FRIEND_TB (FR_UR_FK,FR_FR_FK,FR_FRGR_FK,FR_ACEP_ST) values ('U100001','U100000',null,1);
Insert into FRIEND_TB (FR_UR_FK,FR_FR_FK,FR_FRGR_FK,FR_ACEP_ST) values ('U100000','U100002','FG10004',1);
Insert into FRIEND_TB (FR_UR_FK,FR_FR_FK,FR_FRGR_FK,FR_ACEP_ST) values ('U100002','U100000','FG10005',1);
Insert into FRIEND_TB (FR_UR_FK,FR_FR_FK,FR_FRGR_FK,FR_ACEP_ST) values ('U100002','U100005','FG10005',1);
Insert into FRIEND_TB (FR_UR_FK,FR_FR_FK,FR_FRGR_FK,FR_ACEP_ST) values ('U100005','U100002',null,1);
REM INSERTING into GROUP_MEMBER_TB
SET DEFINE OFF;
Insert into GROUP_MEMBER_TB (GRMB_FK,GRMB_MBR_UR_FK,GRMB_ACEP_ST) values ('G10000','U100002',1);
Insert into GROUP_MEMBER_TB (GRMB_FK,GRMB_MBR_UR_FK,GRMB_ACEP_ST) values ('G10000','U100000',1);
Insert into GROUP_MEMBER_TB (GRMB_FK,GRMB_MBR_UR_FK,GRMB_ACEP_ST) values ('G10000','U100001',1);
Insert into GROUP_MEMBER_TB (GRMB_FK,GRMB_MBR_UR_FK,GRMB_ACEP_ST) values ('G10001','U100002',1);
Insert into GROUP_MEMBER_TB (GRMB_FK,GRMB_MBR_UR_FK,GRMB_ACEP_ST) values ('G10001','U100000',1);
Insert into GROUP_MEMBER_TB (GRMB_FK,GRMB_MBR_UR_FK,GRMB_ACEP_ST) values ('G10001','U100004',1);
Insert into GROUP_MEMBER_TB (GRMB_FK,GRMB_MBR_UR_FK,GRMB_ACEP_ST) values ('G10001','U100001',1);
Insert into GROUP_MEMBER_TB (GRMB_FK,GRMB_MBR_UR_FK,GRMB_ACEP_ST) values ('G10001','U100003',1);
Insert into GROUP_MEMBER_TB (GRMB_FK,GRMB_MBR_UR_FK,GRMB_ACEP_ST) values ('G10020','U100002',1);
Insert into GROUP_MEMBER_TB (GRMB_FK,GRMB_MBR_UR_FK,GRMB_ACEP_ST) values ('G10000','U100005',1);
REM INSERTING into GROUP_TB
SET DEFINE OFF;
Insert into GROUP_TB (GR_CD,GR_MST_UR_FK,GR_NM,GR_EX) values ('G10000','U100002','DB · C# 프로젝트','DB, C# A+ 가즈아~~');
Insert into GROUP_TB (GR_CD,GR_MST_UR_FK,GR_NM,GR_EX) values ('G10001','U100004','그룹입니다!!',null);
Insert into GROUP_TB (GR_CD,GR_MST_UR_FK,GR_NM,GR_EX) values ('G10020','U100002','그룹','ㅇㅇㅇ');
REM INSERTING into PICTURE_TB
SET DEFINE OFF;
Insert into PICTURE_TB (PIC_CD,PIC_PB_ST,PIC_DT,PIC_UR_FK,PIC_GR_FK) values ('P100000',1,to_date('19/12/19','RR/MM/DD'),'U100002',null);
Insert into PICTURE_TB (PIC_CD,PIC_PB_ST,PIC_DT,PIC_UR_FK,PIC_GR_FK) values ('P100001',1,to_date('19/12/11','RR/MM/DD'),'U100002',null);
Insert into PICTURE_TB (PIC_CD,PIC_PB_ST,PIC_DT,PIC_UR_FK,PIC_GR_FK) values ('P100002',1,to_date('19/12/11','RR/MM/DD'),'U100002',null);
Insert into PICTURE_TB (PIC_CD,PIC_PB_ST,PIC_DT,PIC_UR_FK,PIC_GR_FK) values ('P100003',1,to_date('19/12/09','RR/MM/DD'),'U100002',null);
Insert into PICTURE_TB (PIC_CD,PIC_PB_ST,PIC_DT,PIC_UR_FK,PIC_GR_FK) values ('P100004',1,to_date('19/12/11','RR/MM/DD'),'U100002',null);
Insert into PICTURE_TB (PIC_CD,PIC_PB_ST,PIC_DT,PIC_UR_FK,PIC_GR_FK) values ('P100008',1,to_date('19/10/23','RR/MM/DD'),'U100002','G10000');
Insert into PICTURE_TB (PIC_CD,PIC_PB_ST,PIC_DT,PIC_UR_FK,PIC_GR_FK) values ('P100006',0,to_date('19/12/01','RR/MM/DD'),'U100002',null);
Insert into PICTURE_TB (PIC_CD,PIC_PB_ST,PIC_DT,PIC_UR_FK,PIC_GR_FK) values ('P100007',1,to_date('19/10/23','RR/MM/DD'),'U100002','G10000');
Insert into PICTURE_TB (PIC_CD,PIC_PB_ST,PIC_DT,PIC_UR_FK,PIC_GR_FK) values ('P100009',1,to_date('19/11/27','RR/MM/DD'),'U100002','G10000');
Insert into PICTURE_TB (PIC_CD,PIC_PB_ST,PIC_DT,PIC_UR_FK,PIC_GR_FK) values ('P100010',1,to_date('19/12/04','RR/MM/DD'),'U100002','G10000');
Insert into PICTURE_TB (PIC_CD,PIC_PB_ST,PIC_DT,PIC_UR_FK,PIC_GR_FK) values ('P100011',1,to_date('19/11/20','RR/MM/DD'),'U100002','G10000');
REM INSERTING into SCHEDULE_TB
SET DEFINE OFF;
Insert into SCHEDULE_TB (SC_CD,SC_NM,SC_EX,SC_PB_ST,SC_STR_DT,SC_END_DT,SC_PIC_FK,SC_CR_FK,SC_UR_FK,SC_GR_FK) values ('S100066','dsfsdf','dfsdf',0,to_date('19/12/11','RR/MM/DD'),to_date('19/12/11','RR/MM/DD'),null,'C10005','U100002',null);
Insert into SCHEDULE_TB (SC_CD,SC_NM,SC_EX,SC_PB_ST,SC_STR_DT,SC_END_DT,SC_PIC_FK,SC_CR_FK,SC_UR_FK,SC_GR_FK) values ('S100000','기말 고사',null,1,to_date('19/12/16','RR/MM/DD'),to_date('19/12/21','RR/MM/DD'),null,'C10002','U100001',null);
Insert into SCHEDULE_TB (SC_CD,SC_NM,SC_EX,SC_PB_ST,SC_STR_DT,SC_END_DT,SC_PIC_FK,SC_CR_FK,SC_UR_FK,SC_GR_FK) values ('S100001','군생활','3697 부대
병장 위성호',1,to_date('16/12/26','RR/MM/DD'),to_date('18/09/25','RR/MM/DD'),null,null,'U100000',null);
Insert into SCHEDULE_TB (SC_CD,SC_NM,SC_EX,SC_PB_ST,SC_STR_DT,SC_END_DT,SC_PIC_FK,SC_CR_FK,SC_UR_FK,SC_GR_FK) values ('S100002','타임스퀘어','종강은 안했지만 그냥 놀꺼야',1,to_date('19/12/19','RR/MM/DD'),to_date('19/12/20','RR/MM/DD'),null,'C10000','U100001',null);
Insert into SCHEDULE_TB (SC_CD,SC_NM,SC_EX,SC_PB_ST,SC_STR_DT,SC_END_DT,SC_PIC_FK,SC_CR_FK,SC_UR_FK,SC_GR_FK) values ('S100003','1학기',null,1,to_date('19/03/04','RR/MM/DD'),to_date('19/06/20','RR/MM/DD'),null,'C10002','U100000',null);
Insert into SCHEDULE_TB (SC_CD,SC_NM,SC_EX,SC_PB_ST,SC_STR_DT,SC_END_DT,SC_PIC_FK,SC_CR_FK,SC_UR_FK,SC_GR_FK) values ('S100004','프로젝트 기획','기획은 오늘 끝냅시다',1,to_date('19/10/30','RR/MM/DD'),to_date('19/10/30','RR/MM/DD'),null,'C10001','U100002','G10000');
Insert into SCHEDULE_TB (SC_CD,SC_NM,SC_EX,SC_PB_ST,SC_STR_DT,SC_END_DT,SC_PIC_FK,SC_CR_FK,SC_UR_FK,SC_GR_FK) values ('S100005','방학','방학기간',1,to_date('19/06/21','RR/MM/DD'),to_date('19/09/03','RR/MM/DD'),null,'C10005','U100000',null);
Insert into SCHEDULE_TB (SC_CD,SC_NM,SC_EX,SC_PB_ST,SC_STR_DT,SC_END_DT,SC_PIC_FK,SC_CR_FK,SC_UR_FK,SC_GR_FK) values ('S100006','2학기','2학기',1,to_date('19/09/03','RR/MM/DD'),to_date('19/12/19','RR/MM/DD'),null,'C10006','U100000',null);
Insert into SCHEDULE_TB (SC_CD,SC_NM,SC_EX,SC_PB_ST,SC_STR_DT,SC_END_DT,SC_PIC_FK,SC_CR_FK,SC_UR_FK,SC_GR_FK) values ('S100007','디자인 및 역할분담','전체적인 디자인 및 각자 연할분담 나누기!',1,to_date('19/11/13','RR/MM/DD'),to_date('19/11/13','RR/MM/DD'),null,'C10001','U100002','G10000');
Insert into SCHEDULE_TB (SC_CD,SC_NM,SC_EX,SC_PB_ST,SC_STR_DT,SC_END_DT,SC_PIC_FK,SC_CR_FK,SC_UR_FK,SC_GR_FK) values ('S100008','기본 코딩','기본 코딩 시작하기',1,to_date('19/11/20','RR/MM/DD'),to_date('19/11/20','RR/MM/DD'),null,'C10001','U100002','G10000');
Insert into SCHEDULE_TB (SC_CD,SC_NM,SC_EX,SC_PB_ST,SC_STR_DT,SC_END_DT,SC_PIC_FK,SC_CR_FK,SC_UR_FK,SC_GR_FK) values ('S100009','디비 구축','ERD, FK, PK 설정',1,to_date('19/11/06','RR/MM/DD'),to_date('19/11/06','RR/MM/DD'),null,'C10001','U100002','G10000');
Insert into SCHEDULE_TB (SC_CD,SC_NM,SC_EX,SC_PB_ST,SC_STR_DT,SC_END_DT,SC_PIC_FK,SC_CR_FK,SC_UR_FK,SC_GR_FK) values ('S100010','구로에서 같이 코딩','로그인, 메인, 친구폼 구현',1,to_date('19/11/23','RR/MM/DD'),to_date('19/11/23','RR/MM/DD'),null,'C10001','U100002','G10000');
Insert into SCHEDULE_TB (SC_CD,SC_NM,SC_EX,SC_PB_ST,SC_STR_DT,SC_END_DT,SC_PIC_FK,SC_CR_FK,SC_UR_FK,SC_GR_FK) values ('S100011','학교에서 같이 코딩','메인폼, 사진폼, 친구목록 폼',1,to_date('19/11/27','RR/MM/DD'),to_date('19/11/27','RR/MM/DD'),null,'C10001','U100002','G10000');
Insert into SCHEDULE_TB (SC_CD,SC_NM,SC_EX,SC_PB_ST,SC_STR_DT,SC_END_DT,SC_PIC_FK,SC_CR_FK,SC_UR_FK,SC_GR_FK) values ('S100012','10to10 코딩','구로에서 10to10',1,to_date('19/11/30','RR/MM/DD'),to_date('19/11/30','RR/MM/DD'),null,'C10001','U100002','G10000');
Insert into SCHEDULE_TB (SC_CD,SC_NM,SC_EX,SC_PB_ST,SC_STR_DT,SC_END_DT,SC_PIC_FK,SC_CR_FK,SC_UR_FK,SC_GR_FK) values ('S100013','이수근쇼','대학로에서 채현이랑 이수근쇼 보기!!',1,to_date('19/12/28','RR/MM/DD'),to_date('19/12/28','RR/MM/DD'),null,'C10006','U100002',null);
Insert into SCHEDULE_TB (SC_CD,SC_NM,SC_EX,SC_PB_ST,SC_STR_DT,SC_END_DT,SC_PIC_FK,SC_CR_FK,SC_UR_FK,SC_GR_FK) values ('S100014','가족 모임','목동사거리에서 가족 모임',1,to_date('19/12/28','RR/MM/DD'),to_date('19/12/28','RR/MM/DD'),null,'C10006','U100002',null);
Insert into SCHEDULE_TB (SC_CD,SC_NM,SC_EX,SC_PB_ST,SC_STR_DT,SC_END_DT,SC_PIC_FK,SC_CR_FK,SC_UR_FK,SC_GR_FK) values ('S100015','데이트',null,0,to_date('19/12/01','RR/MM/DD'),to_date('19/12/01','RR/MM/DD'),null,'C10000','U100002',null);
Insert into SCHEDULE_TB (SC_CD,SC_NM,SC_EX,SC_PB_ST,SC_STR_DT,SC_END_DT,SC_PIC_FK,SC_CR_FK,SC_UR_FK,SC_GR_FK) values ('S100016','데이트',null,0,to_date('19/12/08','RR/MM/DD'),to_date('19/12/08','RR/MM/DD'),null,'C10000','U100002',null);
Insert into SCHEDULE_TB (SC_CD,SC_NM,SC_EX,SC_PB_ST,SC_STR_DT,SC_END_DT,SC_PIC_FK,SC_CR_FK,SC_UR_FK,SC_GR_FK) values ('S100017','데이트',null,0,to_date('19/12/15','RR/MM/DD'),to_date('19/12/15','RR/MM/DD'),null,'C10000','U100002',null);
Insert into SCHEDULE_TB (SC_CD,SC_NM,SC_EX,SC_PB_ST,SC_STR_DT,SC_END_DT,SC_PIC_FK,SC_CR_FK,SC_UR_FK,SC_GR_FK) values ('S100018','데이트',null,0,to_date('19/12/22','RR/MM/DD'),to_date('19/12/22','RR/MM/DD'),null,'C10000','U100002',null);
Insert into SCHEDULE_TB (SC_CD,SC_NM,SC_EX,SC_PB_ST,SC_STR_DT,SC_END_DT,SC_PIC_FK,SC_CR_FK,SC_UR_FK,SC_GR_FK) values ('S100019','데이트',null,0,to_date('19/12/29','RR/MM/DD'),to_date('19/12/29','RR/MM/DD'),null,'C10000','U100002',null);
Insert into SCHEDULE_TB (SC_CD,SC_NM,SC_EX,SC_PB_ST,SC_STR_DT,SC_END_DT,SC_PIC_FK,SC_CR_FK,SC_UR_FK,SC_GR_FK) values ('S100020','데이트',null,0,to_date('19/12/25','RR/MM/DD'),to_date('19/12/25','RR/MM/DD'),null,'C10000','U100002',null);
Insert into SCHEDULE_TB (SC_CD,SC_NM,SC_EX,SC_PB_ST,SC_STR_DT,SC_END_DT,SC_PIC_FK,SC_CR_FK,SC_UR_FK,SC_GR_FK) values ('S100021','국가 장학금 마감',null,1,to_date('19/12/17','RR/MM/DD'),to_date('19/12/20','RR/MM/DD'),null,'C10002','U100002',null);
Insert into SCHEDULE_TB (SC_CD,SC_NM,SC_EX,SC_PB_ST,SC_STR_DT,SC_END_DT,SC_PIC_FK,SC_CR_FK,SC_UR_FK,SC_GR_FK) values ('S100022','기말고사',null,1,to_date('19/12/16','RR/MM/DD'),to_date('19/12/21','RR/MM/DD'),null,'C10001','U100002',null);
Insert into SCHEDULE_TB (SC_CD,SC_NM,SC_EX,SC_PB_ST,SC_STR_DT,SC_END_DT,SC_PIC_FK,SC_CR_FK,SC_UR_FK,SC_GR_FK) values ('S100023','zzzzzz',null,1,to_date('19/12/19','RR/MM/DD'),to_date('19/12/19','RR/MM/DD'),null,'C10004','U100001',null);
Insert into SCHEDULE_TB (SC_CD,SC_NM,SC_EX,SC_PB_ST,SC_STR_DT,SC_END_DT,SC_PIC_FK,SC_CR_FK,SC_UR_FK,SC_GR_FK) values ('S100024','쉬는날','푹 쉬자!',1,to_date('19/12/20','RR/MM/DD'),to_date('19/12/20','RR/MM/DD'),null,'C10001','U100000',null);
Insert into SCHEDULE_TB (SC_CD,SC_NM,SC_EX,SC_PB_ST,SC_STR_DT,SC_END_DT,SC_PIC_FK,SC_CR_FK,SC_UR_FK,SC_GR_FK) values ('S100025','주말!',null,1,to_date('19/12/21','RR/MM/DD'),to_date('19/12/22','RR/MM/DD'),null,'C10002','U100000',null);
Insert into SCHEDULE_TB (SC_CD,SC_NM,SC_EX,SC_PB_ST,SC_STR_DT,SC_END_DT,SC_PIC_FK,SC_CR_FK,SC_UR_FK,SC_GR_FK) values ('S100026','졸작 신청 마감','이멤버 리멤버~',1,to_date('19/12/05','RR/MM/DD'),to_date('19/12/06','RR/MM/DD'),null,'C10001','U100002','G10000');
Insert into SCHEDULE_TB (SC_CD,SC_NM,SC_EX,SC_PB_ST,SC_STR_DT,SC_END_DT,SC_PIC_FK,SC_CR_FK,SC_UR_FK,SC_GR_FK) values ('S100027','스프링 공부','I will study Spring boot

Im JAVA MASTER hahaha',1,to_date('19/12/23','RR/MM/DD'),to_date('19/12/28','RR/MM/DD'),null,'C10003','U100000',null);
Insert into SCHEDULE_TB (SC_CD,SC_NM,SC_EX,SC_PB_ST,SC_STR_DT,SC_END_DT,SC_PIC_FK,SC_CR_FK,SC_UR_FK,SC_GR_FK) values ('S100028','스프링 공부 2','You make me want to be a better man

Good Context',1,to_date('19/12/30','RR/MM/DD'),to_date('20/01/03','RR/MM/DD'),null,'C10003','U100000',null);
Insert into SCHEDULE_TB (SC_CD,SC_NM,SC_EX,SC_PB_ST,SC_STR_DT,SC_END_DT,SC_PIC_FK,SC_CR_FK,SC_UR_FK,SC_GR_FK) values ('S100029','프로젝트 발표날','Good Moment',1,to_date('19/12/19','RR/MM/DD'),to_date('19/12/20','RR/MM/DD'),null,'C10000','U100000',null);
Insert into SCHEDULE_TB (SC_CD,SC_NM,SC_EX,SC_PB_ST,SC_STR_DT,SC_END_DT,SC_PIC_FK,SC_CR_FK,SC_UR_FK,SC_GR_FK) values ('S100030','자바 시험','김교수님 시험',1,to_date('19/12/17','RR/MM/DD'),to_date('19/12/17','RR/MM/DD'),null,'C10005','U100000',null);
Insert into SCHEDULE_TB (SC_CD,SC_NM,SC_EX,SC_PB_ST,SC_STR_DT,SC_END_DT,SC_PIC_FK,SC_CR_FK,SC_UR_FK,SC_GR_FK) values ('S100031','DB, VC++ 공부','why 내일 시험이기때문에',1,to_date('19/12/17','RR/MM/DD'),to_date('19/12/18','RR/MM/DD'),null,'C10002','U100000',null);
Insert into SCHEDULE_TB (SC_CD,SC_NM,SC_EX,SC_PB_ST,SC_STR_DT,SC_END_DT,SC_PIC_FK,SC_CR_FK,SC_UR_FK,SC_GR_FK) values ('S100032','메인 일정폼 코딩','월간, 주간, 일간',1,to_date('19/12/04','RR/MM/DD'),to_date('19/12/04','RR/MM/DD'),null,'C10001','U100002','G10000');
Insert into SCHEDULE_TB (SC_CD,SC_NM,SC_EX,SC_PB_ST,SC_STR_DT,SC_END_DT,SC_PIC_FK,SC_CR_FK,SC_UR_FK,SC_GR_FK) values ('S100033','자바 리뷰','시험본거 다시보자',1,to_date('19/12/17','RR/MM/DD'),to_date('19/12/17','RR/MM/DD'),null,'C10003','U100000',null);
Insert into SCHEDULE_TB (SC_CD,SC_NM,SC_EX,SC_PB_ST,SC_STR_DT,SC_END_DT,SC_PIC_FK,SC_CR_FK,SC_UR_FK,SC_GR_FK) values ('S100034','일정1',null,1,to_date('19/12/17','RR/MM/DD'),to_date('19/12/18','RR/MM/DD'),null,'C10000','U100003',null);
Insert into SCHEDULE_TB (SC_CD,SC_NM,SC_EX,SC_PB_ST,SC_STR_DT,SC_END_DT,SC_PIC_FK,SC_CR_FK,SC_UR_FK,SC_GR_FK) values ('S100035','일정1','ㄴㄴㄴ',1,to_date('19/12/18','RR/MM/DD'),to_date('19/12/18','RR/MM/DD'),null,null,'U100003',null);
Insert into SCHEDULE_TB (SC_CD,SC_NM,SC_EX,SC_PB_ST,SC_STR_DT,SC_END_DT,SC_PIC_FK,SC_CR_FK,SC_UR_FK,SC_GR_FK) values ('S100036','일정1','ㅁㄹㄹ',1,to_date('19/12/19','RR/MM/DD'),to_date('19/12/19','RR/MM/DD'),null,'C10003','U100003',null);
Insert into SCHEDULE_TB (SC_CD,SC_NM,SC_EX,SC_PB_ST,SC_STR_DT,SC_END_DT,SC_PIC_FK,SC_CR_FK,SC_UR_FK,SC_GR_FK) values ('S100037','일정1','ㅁㄹㄹ',1,to_date('19/12/20','RR/MM/DD'),to_date('19/12/20','RR/MM/DD'),null,'C10006','U100003',null);
Insert into SCHEDULE_TB (SC_CD,SC_NM,SC_EX,SC_PB_ST,SC_STR_DT,SC_END_DT,SC_PIC_FK,SC_CR_FK,SC_UR_FK,SC_GR_FK) values ('S100038','바쁜일정','ㅂㅂ',1,to_date('19/12/10','RR/MM/DD'),to_date('19/12/13','RR/MM/DD'),null,'C10000','U100003',null);
Insert into SCHEDULE_TB (SC_CD,SC_NM,SC_EX,SC_PB_ST,SC_STR_DT,SC_END_DT,SC_PIC_FK,SC_CR_FK,SC_UR_FK,SC_GR_FK) values ('S100039','편한일정','ㅂㅂㅂ',1,to_date('19/12/24','RR/MM/DD'),to_date('19/12/27','RR/MM/DD'),null,'C10004','U100003',null);
Insert into SCHEDULE_TB (SC_CD,SC_NM,SC_EX,SC_PB_ST,SC_STR_DT,SC_END_DT,SC_PIC_FK,SC_CR_FK,SC_UR_FK,SC_GR_FK) values ('S100043','10to10','월간, 주간, 일간 완료',1,to_date('19/12/07','RR/MM/DD'),to_date('19/12/07','RR/MM/DD'),null,'C10001','U100002','G10000');
Insert into SCHEDULE_TB (SC_CD,SC_NM,SC_EX,SC_PB_ST,SC_STR_DT,SC_END_DT,SC_PIC_FK,SC_CR_FK,SC_UR_FK,SC_GR_FK) values ('S100044','프로젝트 발표',null,1,to_date('19/12/19','RR/MM/DD'),to_date('19/12/20','RR/MM/DD'),null,'C10001','U100002','G10000');
Insert into SCHEDULE_TB (SC_CD,SC_NM,SC_EX,SC_PB_ST,SC_STR_DT,SC_END_DT,SC_PIC_FK,SC_CR_FK,SC_UR_FK,SC_GR_FK) values ('S100045','메인 완벽히 구현',null,1,to_date('19/12/11','RR/MM/DD'),to_date('19/12/11','RR/MM/DD'),null,'C10001','U100002','G10000');
Insert into SCHEDULE_TB (SC_CD,SC_NM,SC_EX,SC_PB_ST,SC_STR_DT,SC_END_DT,SC_PIC_FK,SC_CR_FK,SC_UR_FK,SC_GR_FK) values ('S100046','디스코드에서 만나요',null,1,to_date('19/12/14','RR/MM/DD'),to_date('19/12/15','RR/MM/DD'),null,'C10001','U100002','G10000');
Insert into SCHEDULE_TB (SC_CD,SC_NM,SC_EX,SC_PB_ST,SC_STR_DT,SC_END_DT,SC_PIC_FK,SC_CR_FK,SC_UR_FK,SC_GR_FK) values ('S100049','크리스마스',null,1,to_date('19/12/25','RR/MM/DD'),to_date('19/12/26','RR/MM/DD'),null,'C10000','U100002',null);
Insert into SCHEDULE_TB (SC_CD,SC_NM,SC_EX,SC_PB_ST,SC_STR_DT,SC_END_DT,SC_PIC_FK,SC_CR_FK,SC_UR_FK,SC_GR_FK) values ('S100050','위성호 잠','zzz',1,to_date('19/12/12','RR/MM/DD'),to_date('19/12/12','RR/MM/DD'),null,'C10003','U100000','G10000');
Insert into SCHEDULE_TB (SC_CD,SC_NM,SC_EX,SC_PB_ST,SC_STR_DT,SC_END_DT,SC_PIC_FK,SC_CR_FK,SC_UR_FK,SC_GR_FK) values ('S100051','핀뱅크 작업마감','웹/모바일 버전',0,to_date('19/12/08','RR/MM/DD'),to_date('19/12/09','RR/MM/DD'),null,'C10004','U100002',null);
Insert into SCHEDULE_TB (SC_CD,SC_NM,SC_EX,SC_PB_ST,SC_STR_DT,SC_END_DT,SC_PIC_FK,SC_CR_FK,SC_UR_FK,SC_GR_FK) values ('S100054','sdfsdf',null,1,to_date('19/12/17','RR/MM/DD'),to_date('19/12/18','RR/MM/DD'),null,'C10000','U100001',null);
Insert into SCHEDULE_TB (SC_CD,SC_NM,SC_EX,SC_PB_ST,SC_STR_DT,SC_END_DT,SC_PIC_FK,SC_CR_FK,SC_UR_FK,SC_GR_FK) values ('S100060','uiqwydiyeqiu','haksdhfkad',0,to_date('19/12/17','RR/MM/DD'),to_date('19/12/18','RR/MM/DD'),null,'C10001','U100000',null);
Insert into SCHEDULE_TB (SC_CD,SC_NM,SC_EX,SC_PB_ST,SC_STR_DT,SC_END_DT,SC_PIC_FK,SC_CR_FK,SC_UR_FK,SC_GR_FK) values ('S100061','hsdkfah','fk',1,to_date('19/12/17','RR/MM/DD'),to_date('19/12/18','RR/MM/DD'),null,null,'U100000',null);
REM INSERTING into TODO_TB
SET DEFINE OFF;
Insert into TODO_TB (TD_CD,TD_EX,TD_DT,TD_COMP_ST,TD_PIC_FK,TD_UR_FK,TD_GR_FK) values ('T100001','동계 국가 근로 확인',to_date('19/12/19','RR/MM/DD'),0,'C10000','U100002',null);
Insert into TODO_TB (TD_CD,TD_EX,TD_DT,TD_COMP_ST,TD_PIC_FK,TD_UR_FK,TD_GR_FK) values ('T100002','스프링 책을 도서관에서 빌리자!',to_date('19/12/19','RR/MM/DD'),0,'C10002','U100000',null);
Insert into TODO_TB (TD_CD,TD_EX,TD_DT,TD_COMP_ST,TD_PIC_FK,TD_UR_FK,TD_GR_FK) values ('T100005','asdasdasd',null,0,'C10005','U100001',null);
Insert into TODO_TB (TD_CD,TD_EX,TD_DT,TD_COMP_ST,TD_PIC_FK,TD_UR_FK,TD_GR_FK) values ('T100006','asdd',to_date('19/12/17','RR/MM/DD'),0,'C10006','U100001',null);
Insert into TODO_TB (TD_CD,TD_EX,TD_DT,TD_COMP_ST,TD_PIC_FK,TD_UR_FK,TD_GR_FK) values ('T100007','쵣르옴ㅇ니ㅗㄹ',to_date('19/12/18','RR/MM/DD'),0,'C10000','U100001',null);
Insert into TODO_TB (TD_CD,TD_EX,TD_DT,TD_COMP_ST,TD_PIC_FK,TD_UR_FK,TD_GR_FK) values ('T100008','크리스마스',to_date('19/12/25','RR/MM/DD'),0,'C10003','U100001',null);
Insert into TODO_TB (TD_CD,TD_EX,TD_DT,TD_COMP_ST,TD_PIC_FK,TD_UR_FK,TD_GR_FK) values ('T100009','크리스마스이브',to_date('19/12/24','RR/MM/DD'),0,'C10000','U100001',null);
Insert into TODO_TB (TD_CD,TD_EX,TD_DT,TD_COMP_ST,TD_PIC_FK,TD_UR_FK,TD_GR_FK) values ('T100020','발표',to_date('19/12/19','RR/MM/DD'),0,'C10001','U100001','G10000');
Insert into TODO_TB (TD_CD,TD_EX,TD_DT,TD_COMP_ST,TD_PIC_FK,TD_UR_FK,TD_GR_FK) values ('T100021','크리스마스 트리 꾸미기',to_date('19/12/25','RR/MM/DD'),0,'C10003','U100002',null);
Insert into TODO_TB (TD_CD,TD_EX,TD_DT,TD_COMP_ST,TD_PIC_FK,TD_UR_FK,TD_GR_FK) values ('T100022','자바 과제',null,1,'C10001','U100002',null);
REM INSERTING into USER_TB
SET DEFINE OFF;
Insert into USER_TB (UR_CD,UR_ID,UR_PW,UR_NM) values ('U100000','testuser1','1234','위성호');
Insert into USER_TB (UR_CD,UR_ID,UR_PW,UR_NM) values ('U100001','testuser3','1234','최주은');
Insert into USER_TB (UR_CD,UR_ID,UR_PW,UR_NM) values ('U100002','testuser2','1234','위승빈123');
Insert into USER_TB (UR_CD,UR_ID,UR_PW,UR_NM) values ('U100003','testuser4','1234','김길동');
Insert into USER_TB (UR_CD,UR_ID,UR_PW,UR_NM) values ('U100004','testuser5','1234','홍길동');
Insert into USER_TB (UR_CD,UR_ID,UR_PW,UR_NM) values ('U100005','testuser6','1234','황수경');
Insert into USER_TB (UR_CD,UR_ID,UR_PW,UR_NM) values ('U100020','testuser7','1234','황수경');
-- 내부 생성기를 시도하는 DBMS_METADATA로 CHARMJO.FRIEND_TB_PK 객체에 대한 INDEX DDL을 렌더링할 수 없습니다.
CREATE UNIQUE INDEX FRIEND_TB_PK ON FRIEND_TB (FR_UR_FK ASC, FR_FR_FK ASC) 
LOGGING 
TABLESPACE SYSTEM 
PCTFREE 10 
INITRANS 2 
STORAGE 
( 
  INITIAL 65536 
  NEXT 1048576 
  MINEXTENTS 1 
  MAXEXTENTS UNLIMITED 
  FREELISTS 1 
  FREELIST GROUPS 1 
  BUFFER_POOL DEFAULT 
) 
NOPARALLEL
-- 내부 생성기를 시도하는 DBMS_METADATA로 CHARMJO.TODO_TB_PK 객체에 대한 INDEX DDL을 렌더링할 수 없습니다.
CREATE UNIQUE INDEX TODO_TB_PK ON TODO_TB (TD_CD ASC) 
LOGGING 
TABLESPACE SYSTEM 
PCTFREE 10 
INITRANS 2 
STORAGE 
( 
  INITIAL 65536 
  NEXT 1048576 
  MINEXTENTS 1 
  MAXEXTENTS UNLIMITED 
  FREELISTS 1 
  FREELIST GROUPS 1 
  BUFFER_POOL DEFAULT 
) 
NOPARALLEL
-- 내부 생성기를 시도하는 DBMS_METADATA로 CHARMJO.GROUP_MEMBER_TB_PK 객체에 대한 INDEX DDL을 렌더링할 수 없습니다.
CREATE UNIQUE INDEX GROUP_MEMBER_TB_PK ON GROUP_MEMBER_TB (GRMB_FK ASC, GRMB_MBR_UR_FK ASC) 
LOGGING 
TABLESPACE SYSTEM 
PCTFREE 10 
INITRANS 2 
STORAGE 
( 
  INITIAL 65536 
  NEXT 1048576 
  MINEXTENTS 1 
  MAXEXTENTS UNLIMITED 
  FREELISTS 1 
  FREELIST GROUPS 1 
  BUFFER_POOL DEFAULT 
) 
NOPARALLEL
-- 내부 생성기를 시도하는 DBMS_METADATA로 CHARMJO.USER_TB_PK 객체에 대한 INDEX DDL을 렌더링할 수 없습니다.
CREATE UNIQUE INDEX USER_TB_PK ON USER_TB (UR_CD ASC) 
LOGGING 
TABLESPACE SYSTEM 
PCTFREE 10 
INITRANS 2 
STORAGE 
( 
  INITIAL 65536 
  NEXT 1048576 
  MINEXTENTS 1 
  MAXEXTENTS UNLIMITED 
  FREELISTS 1 
  FREELIST GROUPS 1 
  BUFFER_POOL DEFAULT 
) 
NOPARALLEL
-- 내부 생성기를 시도하는 DBMS_METADATA로 CHARMJO.DIARY_TB_PK 객체에 대한 INDEX DDL을 렌더링할 수 없습니다.
CREATE UNIQUE INDEX DIARY_TB_PK ON DIARY_TB (DR_UR_FK ASC, DR_DT ASC) 
LOGGING 
TABLESPACE SYSTEM 
PCTFREE 10 
INITRANS 2 
STORAGE 
( 
  INITIAL 65536 
  NEXT 1048576 
  MINEXTENTS 1 
  MAXEXTENTS UNLIMITED 
  FREELISTS 1 
  FREELIST GROUPS 1 
  BUFFER_POOL DEFAULT 
) 
NOPARALLEL
-- 내부 생성기를 시도하는 DBMS_METADATA로 CHARMJO.FRIEND_GROUP_TB_PK 객체에 대한 INDEX DDL을 렌더링할 수 없습니다.
CREATE UNIQUE INDEX FRIEND_GROUP_TB_PK ON FRIEND_GROUP_TB (FRGR_CD ASC) 
LOGGING 
TABLESPACE SYSTEM 
PCTFREE 10 
INITRANS 2 
STORAGE 
( 
  INITIAL 65536 
  NEXT 1048576 
  MINEXTENTS 1 
  MAXEXTENTS UNLIMITED 
  FREELISTS 1 
  FREELIST GROUPS 1 
  BUFFER_POOL DEFAULT 
) 
NOPARALLEL
-- 내부 생성기를 시도하는 DBMS_METADATA로 CHARMJO.SCHEDULE_TB_PK 객체에 대한 INDEX DDL을 렌더링할 수 없습니다.
CREATE UNIQUE INDEX SCHEDULE_TB_PK ON SCHEDULE_TB (SC_CD ASC) 
LOGGING 
TABLESPACE SYSTEM 
PCTFREE 10 
INITRANS 2 
STORAGE 
( 
  INITIAL 65536 
  NEXT 1048576 
  MINEXTENTS 1 
  MAXEXTENTS UNLIMITED 
  FREELISTS 1 
  FREELIST GROUPS 1 
  BUFFER_POOL DEFAULT 
) 
NOPARALLEL
-- 내부 생성기를 시도하는 DBMS_METADATA로 CHARMJO.COLOR_TB_PK 객체에 대한 INDEX DDL을 렌더링할 수 없습니다.
CREATE UNIQUE INDEX COLOR_TB_PK ON COLOR_TB (CR_CD ASC) 
LOGGING 
TABLESPACE SYSTEM 
PCTFREE 10 
INITRANS 2 
STORAGE 
( 
  INITIAL 65536 
  NEXT 1048576 
  MINEXTENTS 1 
  MAXEXTENTS UNLIMITED 
  FREELISTS 1 
  FREELIST GROUPS 1 
  BUFFER_POOL DEFAULT 
) 
NOPARALLEL
-- 내부 생성기를 시도하는 DBMS_METADATA로 CHARMJO.GROUP_TB_PK 객체에 대한 INDEX DDL을 렌더링할 수 없습니다.
CREATE UNIQUE INDEX GROUP_TB_PK ON GROUP_TB (GR_CD ASC) 
LOGGING 
TABLESPACE SYSTEM 
PCTFREE 10 
INITRANS 2 
STORAGE 
( 
  INITIAL 65536 
  NEXT 1048576 
  MINEXTENTS 1 
  MAXEXTENTS UNLIMITED 
  FREELISTS 1 
  FREELIST GROUPS 1 
  BUFFER_POOL DEFAULT 
) 
NOPARALLEL
-- 내부 생성기를 시도하는 DBMS_METADATA로 CHARMJO.PICTURE_TB_PK 객체에 대한 INDEX DDL을 렌더링할 수 없습니다.
CREATE UNIQUE INDEX PICTURE_TB_PK ON PICTURE_TB (PIC_CD ASC) 
LOGGING 
TABLESPACE SYSTEM 
PCTFREE 10 
INITRANS 2 
STORAGE 
( 
  INITIAL 65536 
  NEXT 1048576 
  MINEXTENTS 1 
  MAXEXTENTS UNLIMITED 
  FREELISTS 1 
  FREELIST GROUPS 1 
  BUFFER_POOL DEFAULT 
) 
NOPARALLEL
